[{"id":"user-image-blurredscreenshot.png","publicUrl":"np://user.desktop.nicepage.com/Site_109259776/images/blurredscreenshot.png","size":2304670,"hash":"6PbsYTqtFyfAPj7E+kVdRolvjeo=","fileName":"blurredscreenshot.png","name":"blurredscreenshot","width":2560,"height":1440,"thumbnail":{"url":"np://user.desktop.nicepage.com/Site_109259776/images/thumbnails/blurredscreenshot.png","width":250,"height":141},"usages":["49058234","73102578"]},{"id":"user-image-db17734d7c2619f6042048341b98a3baa41e9218a09dba9970923966d2af43eda0def89b080b503a5bf3cf7282517219314201ccb057e11d34d98e_1280.jpg","publicUrl":"np://user.desktop.nicepage.com/Site_109259776/images/db17734d7c2619f6042048341b98a3baa41e9218a09dba9970923966d2af43eda0def89b080b503a5bf3cf7282517219314201ccb057e11d34d98e_1280.jpg","size":122336,"hash":"FbHnA448A2bQSqRlBxQUsLIz47c=","fileName":"db17734d7c2619f6042048341b98a3baa41e9218a09dba9970923966d2af43eda0def89b080b503a5bf3cf7282517219314201ccb057e11d34d98e_1280.jpg","name":"db17734d7c2619f6042048341b98a3baa41e9218a09dba9970923966d2af43eda0def89b080b503a5bf3cf7282517219314201ccb057e11d34d98e_1280","width":1280,"height":855,"thumbnail":{"url":"np://user.desktop.nicepage.com/Site_109259776/images/thumbnails/db17734d7c2619f6042048341b98a3baa41e9218a09dba9970923966d2af43eda0def89b080b503a5bf3cf7282517219314201ccb057e11d34d98e_1280.jpg","width":250,"height":167},"usages":["49058234"]},{"id":"user-image-limberlogo1.png","publicUrl":"np://user.desktop.nicepage.com/Site_109259776/images/limberlogo1.png","size":22253,"hash":"CsQIt776hJ0PbzRCZ0IcszKV69c=","fileName":"limberlogo1.png","name":"limberlogo1","width":473,"height":842,"thumbnail":{"url":"np://user.desktop.nicepage.com/Site_109259776/images/thumbnails/limberlogo1.png","width":140,"height":250},"usages":[]},{"id":"user-image-titelcard3.png","publicUrl":"np://user.desktop.nicepage.com/Site_109259776/images/titelcard3.png","size":307095,"hash":"jKXm+EAt5lSs3/jThNUcKR28jyU=","fileName":"titelcard3.png","name":"titelcard3","width":1563,"height":403,"thumbnail":{"url":"np://user.desktop.nicepage.com/Site_109259776/images/thumbnails/titelcard3.png","width":250,"height":64},"usages":["73102578"]},{"id":"user-image-shortbutton2.png","publicUrl":"np://user.desktop.nicepage.com/Site_109259776/images/shortbutton2.png","size":33143,"hash":"T4QeyDgSAgFbl4AW765CQUhMYRE=","fileName":"shortbutton2.png","name":"shortbutton2","width":457,"height":168,"thumbnail":{"url":"np://user.desktop.nicepage.com/Site_109259776/images/thumbnails/shortbutton2.png","width":250,"height":92},"usages":["73102578"]},{"id":"user-image-2099199.png","publicUrl":"np://user.desktop.nicepage.com/Site_109259776/images/2099199.png","size":1306,"hash":"yU8e3MZiABk4DcU/k9AGO1QzpSo=","fileName":"2099199.png","name":"2099199","width":128,"height":128,"thumbnail":{"url":"np://user.desktop.nicepage.com/Site_109259776/images/thumbnails/2099199.png","width":128,"height":128,"length":1306,"type":"png"},"usages":[]}]